[
  {
    "name": "Abdul Halim Majalengka",
    "birth_year": 1887,
    "death_year": 1962,
    "description": "Aktivis kemerdekaan dan Ulama; Badan Penyelidik Usaha Persiapan Kemerdekaan Indonesia",
    "ascension_year": 2008
  },
  {
    "name": "Abdul Haris Nasution",
    "birth_year": 1918,
    "death_year": 2000,
    "description": "Jenderal Angkatan Darat; dua kali diangkat sebagai Kepala Staf Angkatan Darat",
    "ascension_year": 2002
  },
  {
    "name": "Abdul Kadir",
    "birth_year": 1771,
    "death_year": 1875,
    "description": "Bangsawan dari Melawi; menawarkan pengembangan ekonomi; melakukan perlawanan terhadap pasukan kolonial Belanda",
    "ascension_year": 1999
  },
  {
    "name": "Abdul Kahar Mudzakkir",
    "birth_year": 1907,
    "death_year": 1973,
    "description": "",
    "ascension_year": 2019
  },
  {
    "name": "Abdul Malik Karim Amrullah",
    "birth_year": 1908,
    "death_year": 1981,
    "description": "Sarjana Islam dan penulis sekaligus tokoh Muhammadiyah.",
    "ascension_year": 2011
  },
  {
    "name": "Abdul Muis",
    "birth_year": 1883,
    "death_year": 1959,
    "description": "Politisi; Anggota Volksraad; kemudian penulis",
    "ascension_year": 1959
  },
  {
    "name": "Abdulrachman Saleh",
    "birth_year": 1909,
    "death_year": 1947,
    "description": "Tokoh awal dalam Angkatan Udara; terbunuh ketika membawa keperluan medis karena ditembak oleh Belanda",
    "ascension_year": 1974
  },
  {
    "name": "Abdul Wahab Hasbullah",
    "birth_year": 1888,
    "death_year": 1971,
    "description": "Tokoh Islam; salah seorang pendiri Nadhlatul Ulama",
    "ascension_year": 2014
  },
  {
    "name": "Andi Abdullah Bau Massepe",
    "birth_year": 1918,
    "death_year": 1947,
    "description": "Bangsawan Bugis; memimpin penyerangan melawan pasukan Belanda selama Revolusi Nasional; seorang putra dari Andi Mappanyukki",
    "ascension_year": 2005
  },
  {
    "name": "Abdurrahman Baswedan",
    "birth_year": 1908,
    "death_year": 1986,
    "description": "Nasionalis dan mubaligh yang meyakinkan Mesir untuk mengakui kemerdekaan Indonesia secara de facto",
    "ascension_year": 2018
  },
  {
    "name": "Achmad Subarjo",
    "birth_year": 1896,
    "death_year": 1978,
    "description": "Aktivis kemerdekaan dan menteri pemerintahan",
    "ascension_year": 2009
  },
  {
    "name": "Adam Malik",
    "birth_year": 1917,
    "death_year": 1984,
    "description": "Jurnalis dan aktivis kemerdekaan; Wakil Presiden Indonesia ketiga",
    "ascension_year": 1998
  },
  {
    "name": "Adnan Kapau Gani",
    "birth_year": 1905,
    "death_year": 1968,
    "description": "Aktivis kemerdekaan yang menjadi menteri pemerintahan; menyeludupkan senjata untuk mendukung Revolusi Nasional",
    "ascension_year": 2007
  },
  {
    "name": "Nyi Ageng Serang",
    "birth_year": 1752,
    "death_year": 1828,
    "description": "Pemimpin gerilyawan Jawa yang memimpin penyerangan terhadap kolonial Belanda atas beberapa pendudukan",
    "ascension_year": 1974
  },
  {
    "name": "Agus Salim",
    "birth_year": 1884,
    "death_year": 1954,
    "description": "Aktivis kemerdekaan; politisi; pemimpin Islam Minang",
    "ascension_year": 1961
  },
  {
    "name": "Agustinus Adisucipto",
    "birth_year": 1916,
    "death_year": 1947,
    "description": "Tokoh awal dalam Angkatan Udara; terbunuh ketika membawa keperluan medis karena ditembak oleh Belanda",
    "ascension_year": 1974
  },
  {
    "name": "Ahmad Dahlan",
    "birth_year": 1868,
    "death_year": 1934,
    "description": "Pemimpin Islam Jawa; mendirikan Muhammadiyah; suami Siti Walidah",
    "ascension_year": 1961
  },
  {
    "name": "Ahmad Rifa'i",
    "birth_year": 1786,
    "death_year": 1870,
    "description": "Pemikir dan penulis Islam yang dikenal karena pernyataan anti-Belandanya",
    "ascension_year": 2004
  },
  {
    "name": "Ahmad Yani",
    "birth_year": 1922,
    "death_year": 1965,
    "description": "Pemimpin Angkatan Darat; terbunuh saat Gerakan 30 September",
    "ascension_year": 1965
  },
  {
    "name": "Alexander Andries Maramis",
    "birth_year": 1897,
    "death_year": 1977,
    "description": "Anggota BPUPKI; Menteri Keuangan Indonesia; dan diplomat",
    "ascension_year": 2019
  },
  {
    "name": "Alimin",
    "birth_year": 1889,
    "death_year": 1964,
    "description": "Pendukung kemerdekaan; politisi; dan tokoh Partai Komunis Indonesia",
    "ascension_year": 1964
  },
  {
    "name": "Amir Hamzah",
    "birth_year": 1911,
    "death_year": 1946,
    "description": "Penyair dan nasionalis",
    "ascension_year": 1975
  },
  {
    "name": "Andi Depu",
    "birth_year": 1907,
    "death_year": 1985,
    "description": "Pejuang dan aktivis yang berhasil mempertahankan pengibaran bendera nasional di Mandar pada 1944; padahal dilarang keras",
    "ascension_year": 2018
  },
  {
    "name": "Antasari",
    "birth_year": 1809,
    "death_year": 1862,
    "description": "Melakukan penyerangan terhadap pasukan kolonial Belanda dalam Perang Banjar",
    "ascension_year": 1968
  },
  {
    "name": "Arie Frederik Lasut",
    "birth_year": 1918,
    "death_year": 1949,
    "description": "Geolog dan pengajar yang dieksekusi oleh Belanda",
    "ascension_year": 1969
  },
  {
    "name": "Arnold Mononutu",
    "birth_year": 1896,
    "death_year": 1983,
    "description": "Menteri Penerangan Indonesia ke-6",
    "ascension_year": 2020
  },
  {
    "name": "As'ad Syamsul Arifin",
    "birth_year": 1897,
    "death_year": 1990,
    "description": "Ulama; tokoh Nahdlatul Ulama",
    "ascension_year": 2016
  },
  {
    "name": "Baabullah",
    "birth_year": 1528,
    "death_year": 1583,
    "description": "Penguasa ke-24 Kesultanan Ternate",
    "ascension_year": 2020
  },
  {
    "name": "Bagindo Azizchan",
    "birth_year": 1910,
    "death_year": 1947,
    "description": "Wali kota Padang; melawan pasukan Belanda saat Revolusi Nasional",
    "ascension_year": 2005
  },
  {
    "name": "Basuki Rahmat",
    "birth_year": 1921,
    "death_year": 1969,
    "description": "Jenderal; saksi dari Supersemar",
    "ascension_year": 1969
  },
  {
    "name": "Bernard Wilhelm Lapian",
    "birth_year": 1892,
    "death_year": 1977,
    "description": "Nationalis; pimpinan gereja; dan gubernur kedua Sulawesi",
    "ascension_year": 2015
  },
  {
    "name": "Teungku Chik di Tiro",
    "birth_year": 1836,
    "death_year": 1891,
    "description": "Tokoh Islam Aceh dan pemimpin gerilyawan yang melakukan perlawanan pasukan kolonial Belanda",
    "ascension_year": 1973
  },
  {
    "name": "Tjilik Riwut",
    "birth_year": 1918,
    "death_year": 1987,
    "description": "Prajurit dan politisi; menawarkan pengembangan ekonomi dan budaya di Kalimantan Tengah",
    "ascension_year": 1998
  },
  {
    "name": "Tjipto Mangoenkoesoemo",
    "birth_year": 1886,
    "death_year": 1943,
    "description": "Dokter; salah satu dari Tiga Serangkai; Anggota Volksraad; Tokoh Indische Partij",
    "ascension_year": 1964
  },
  {
    "name": "Tjokroaminoto",
    "birth_year": 1883,
    "death_year": 1934,
    "description": "Politisi; pemimpin Sarekat Islam; mentor pemimpin-pemimpin bangsa seperti Sukarno; Semaoen; Musso; Alimin; Darsono; Kartosoewirjo; dan Tan Malaka",
    "ascension_year": 1961
  },
  {
    "name": "Ernest Douwes Dekker",
    "birth_year": 1879,
    "death_year": 1950,
    "description": "Jurnalis dan politisi Indo yang membantu kemerdekaan Indonesia; salah satu dari Tiga Serangkai",
    "ascension_year": 1961
  },
  {
    "name": "Depati Amir",
    "birth_year": 1805,
    "death_year": 1869,
    "description": "Pejuang yang mempersatukan suku Melayu dengan Tionghoa untuk melawan Belanda",
    "ascension_year": 2018
  },
  {
    "name": "Dewi Sartika",
    "birth_year": 1884,
    "death_year": 1947,
    "description": "Pengajar; mendirikan sekolah untuk perempuan yang pertama di negara tersebut",
    "ascension_year": 1966
  },
  {
    "name": "Cut Nyak Dhien",
    "birth_year": 1850,
    "death_year": 1908,
    "description": "Pemimpin gerilyawan Aceh yang melakukan penyerangan terhadap pasukan kolonial belanda; istri Teuku Umar",
    "ascension_year": 1964
  },
  {
    "name": "Diponegoro",
    "birth_year": 1785,
    "death_year": 1855,
    "description": "Putra Sultan Yogyakarta; melangsungkan perang lima tahun melawan pasukan kolonial Belanda",
    "ascension_year": 1973
  },
  {
    "name": "Donald Izacus Panjaitan",
    "birth_year": 1925,
    "death_year": 1965,
    "description": "Jenderal Angkatan Darat; terbunuh dalam Gerakan 30 September",
    "ascension_year": 1965
  },
  {
    "name": "Eddy Martadinata",
    "birth_year": 1921,
    "death_year": 1966,
    "description": "Laksamana Angkatan Laut dan diplomat; terbunuh dalam kecelakaan helikopter",
    "ascension_year": 1966
  },
  {
    "name": "Fakhruddin",
    "birth_year": 1890,
    "death_year": 1929,
    "description": "Pemimpin Islam; menegosiasikan pengamanan pejiarah haji Indonesia; tokoh Muhammadiyah.",
    "ascension_year": 1964
  },
  {
    "name": "Fatmawati",
    "birth_year": 1923,
    "death_year": 1980,
    "description": "Pembuat bendera nasional pertama; aktivis sosial; istri Sukarno",
    "ascension_year": 2000
  },
  {
    "name": "Ferdinand Lumbantobing",
    "birth_year": 1899,
    "death_year": 1962,
    "description": "Dokter dan politisi; memperjuangkan hak asasi pasukan buruh",
    "ascension_year": 1962
  },
  {
    "name": "Frans Kaisiepo",
    "birth_year": 1921,
    "death_year": 1979,
    "description": "Nasionalis Papua yang membantu dalam akuisisi Papua",
    "ascension_year": 1993
  },
  {
    "name": "Gatot Mangkupraja",
    "birth_year": 1896,
    "death_year": 1968,
    "description": "Aktivis kemerdekaan dan politisi; menyarankan pembentukan Pembela Tanah Air",
    "ascension_year": 2004
  },
  {
    "name": "Gatot Subroto",
    "birth_year": 1907,
    "death_year": 1962,
    "description": "Jenderal; deputi ketua staff Angkatan Darat",
    "ascension_year": 1962
  },
  {
    "name": "Halim Perdanakusuma",
    "birth_year": 1922,
    "death_year": 1947,
    "description": "Tokoh awal dalam Angkatan Udara; terbunuh saat Revolusi Nasional",
    "ascension_year": 1975
  },
  {
    "name": "Hamengkubuwono I",
    "birth_year": 1717,
    "death_year": 1792,
    "description": "Sultan Yogyakarta; melakukan perlawanan terhadap VOC; mendirikan Yogyakarta",
    "ascension_year": 2006
  },
  {
    "name": "Hamengkubuwono IX",
    "birth_year": 1912,
    "death_year": 1988,
    "description": "Sultan Yogyakarta; aktivis kemerdekaan; pemimpin militer; dan politisi; Wakil Presiden Indonesia kedua",
    "ascension_year": 1990
  },
  {
    "name": "Harun Bin Said",
    "birth_year": 1947,
    "death_year": 1968,
    "description": "Mengebom MacDonald House saat konfrontasi Indonesia–Malaysia",
    "ascension_year": 1968
  },
  {
    "name": "Hasan Basry",
    "birth_year": 1923,
    "death_year": 1984,
    "description": "Prajurit selama Revolusi Nasional Indonesia; mendukung integrasi Kalimantan di Indonesia",
    "ascension_year": 2001
  },
  {
    "name": "Hasanuddin",
    "birth_year": 1631,
    "death_year": 1670,
    "description": "Sultan Gowa; melakukan perlawanan terhadap pasukan kolonial Belanda",
    "ascension_year": 1973
  },
  {
    "name": "Hasyim Asy'ari",
    "birth_year": 1875,
    "death_year": 1947,
    "description": "Pemimpin Islam; pendiri Nahdlatul Ulama",
    "ascension_year": 1964
  },
  {
    "name": "Hazairin",
    "birth_year": 1906,
    "death_year": 1975,
    "description": "Sarjana legal; aktivis kemerdekaan; menteri pemerintahan; dan pengajar",
    "ascension_year": 1999
  },
  {
    "name": "Herman Johannes",
    "birth_year": 1912,
    "death_year": 1992,
    "description": "Insinyur; membuat senjata selama Revolusi Nasional; membantu pendirian Universitas Gadjah Mada; Rektor Universitas Gadjah Mada",
    "ascension_year": 2009
  },
  {
    "name": "Himayatuddin Muhammad Saidi",
    "birth_year": "Abad ke-18",
    "death_year": 1776,
    "description": "Penguasa ke-20 dan ke-23 Kesultanan Buton",
    "ascension_year": 2019
  },
  {
    "name": "Ida Anak Agung Gde Agung",
    "birth_year": 1921,
    "death_year": 1999,
    "description": "Aktivis kemerdekaan dan menteri pemerintahan",
    "ascension_year": 2007
  },
  {
    "name": "Idham Chalid",
    "birth_year": 1921,
    "death_year": 2010,
    "description": "Pemimpin Nahdlatul Ulama; politisi",
    "ascension_year": 2011
  },
  {
    "name": "Ilyas Yakoub",
    "birth_year": 1903,
    "death_year": 1958,
    "description": "Aktivis kemerdekaan; politisi; dan anggota pasukan gerilyawan",
    "ascension_year": 1999
  },
  {
    "name": "Imam Bonjol",
    "birth_year": 1772,
    "death_year": 1864,
    "description": "Tokoh Islam dari Sumatra Barat yang melakukan perlawanan terhadap pasukan kolonial Belanda dalam Perang Padri",
    "ascension_year": 1973
  },
  {
    "name": "Radin Inten II",
    "birth_year": 1834,
    "death_year": 1856,
    "description": "Bangsawan dari Lampung; memimpin revolusi penyerangan penjajah Belanda",
    "ascension_year": 1986
  },
  {
    "name": "Iskandar Muda",
    "birth_year": 1593,
    "death_year": 1636,
    "description": "Sultan Aceh; memperluas pengaruh negara",
    "ascension_year": 1993
  },
  {
    "name": "Ismail Marzuki",
    "birth_year": 1914,
    "death_year": 1958,
    "description": "Komposer yang membuat sejumlah lagu kebangsaan",
    "ascension_year": 2004
  },
  {
    "name": "Iswahyudi",
    "birth_year": 1918,
    "death_year": 1947,
    "description": "Tokoh awal dalam Angkatan Udara; terbunuh saat Revolusi Nasional",
    "ascension_year": 1975
  },
  {
    "name": "Iwa Kusumasumantri",
    "birth_year": 1899,
    "death_year": 1971,
    "description": "Aktivis kemerdekaan; ahli hukum; dan politisi",
    "ascension_year": 2002
  },
  {
    "name": "Izaak Huru Doko",
    "birth_year": 1913,
    "death_year": 1985,
    "description": "Aktivis kemerdekaan dan pengajar; membantu pendirian Universitas Udayana",
    "ascension_year": 2006
  },
  {
    "name": "Jamin Ginting",
    "birth_year": 1921,
    "death_year": 1974,
    "description": "Pejuang kemerdekaan menentang pemerintah Hindia Belanda di Tanah Karo",
    "ascension_year": 2014
  },
  {
    "name": "Janatin",
    "birth_year": 1943,
    "death_year": 1968,
    "description": "Mengebom MacDonald House saat konfrontasi Indonesia–Malaysia",
    "ascension_year": 1968
  },
  {
    "name": "Jatikusumo",
    "birth_year": 1917,
    "death_year": 1992,
    "description": "Jenderal Angkatan Darat dan politisi",
    "ascension_year": 2002
  },
  {
    "name": "Andi Jemma",
    "birth_year": 1901,
    "death_year": 1965,
    "description": "Aktivis kemerdekaan; memimpin penyerangan melawan pasukan Belanda saar Revolusi Nasional",
    "ascension_year": 2002
  },
  {
    "name": "Johannes Abraham Dimara",
    "birth_year": 1916,
    "death_year": 2000,
    "description": "Pimpinan tentara Papua yang membantu dalam akuisisi Papua",
    "ascension_year": 2010
  },
  {
    "name": "Johannes Leimena",
    "birth_year": 1905,
    "death_year": 1977,
    "description": "Menteri Kesehatan Pertama; mengembangkan sistem klinik Puskesmas",
    "ascension_year": 2010
  },
  {
    "name": "Juanda Kartawijaya",
    "birth_year": 1911,
    "death_year": 1963,
    "description": "Politisi Sunda; Perdana Menteri Indonesia terakhir",
    "ascension_year": 1963
  },
  {
    "name": "Karel Satsuit Tubun",
    "birth_year": 1928,
    "death_year": 1965,
    "description": "Brigadir polisi; terbunuh saat Gerakan 30 September",
    "ascension_year": 1965
  },
  {
    "name": "Kartini",
    "birth_year": 1879,
    "death_year": 1904,
    "description": "Tokoh hak asasi perempuan Jawa",
    "ascension_year": 1964
  },
  {
    "name": "Ignatius Joseph Kasimo",
    "birth_year": 1900,
    "death_year": 1986,
    "description": "Aktivis kemerdekaan; pemimpin Partai Katolik",
    "ascension_year": 2011
  },
  {
    "name": "Kasman Singodimedjo",
    "birth_year": 1904,
    "death_year": 1982,
    "description": "Jaksa yang merupakan ketua KNIP pertama dan menghapus tujuh kata yang berpotensi memecah umat pada Piagam Jakarta",
    "ascension_year": 2018
  },
  {
    "name": "Katamso Darmokusumo",
    "birth_year": 1923,
    "death_year": 1965,
    "description": "Jenderal Angkatan Darat; terbunuh saat Gerakan 30 September",
    "ascension_year": 1965
  },
  {
    "name": "I Gusti Ketut Jelantik",
    "birth_year": "Tidak diketahui",
    "death_year": 1849,
    "description": "Pemimpin Bali yang melakukan perlawanan terhadap pasukan kolonial Belanda",
    "ascension_year": 1993
  },
  {
    "name": "I Gusti Ketut Puja",
    "birth_year": 1904,
    "death_year": 1957,
    "description": "Gubernur Bali pertama",
    "ascension_year": 2011
  },
  {
    "name": "Ki Bagus Hadikusumo",
    "birth_year": 1890,
    "death_year": 1954,
    "description": "Tokoh Muhammadiyah; aktivis kemerdekaan; tokoh Badan Penyelidik Usaha Persiapan Kemerdekaan Indonesia",
    "ascension_year": 2015
  },
  {
    "name": "Ki Hajar Dewantara",
    "birth_year": 1889,
    "death_year": 1959,
    "description": "Pengajar dan menteri pemerintahan; mendirikan Taman Siswa; saudara Suryopranoto; salah satu dari Tiga Serangkai",
    "ascension_year": 1959
  },
  {
    "name": "Ki Sarmidi Mangunsarkoro",
    "birth_year": 1904,
    "death_year": 1957,
    "description": "Pengajar bersama dengan Budi Utomo dan Taman Siswa; menteri pemerintahan",
    "ascension_year": 2011
  },
  {
    "name": "Kiras Bangun",
    "birth_year": 1852,
    "death_year": 1942,
    "description": "Pemimpin gerilyawan Batak yang melawan penjajah Belanda",
    "ascension_year": 2005
  },
  {
    "name": "Kusumah Atmaja",
    "birth_year": 1898,
    "death_year": 1952,
    "description": "Ketua Kehakiman Mahkamah Agung Pertama",
    "ascension_year": 1965
  },
  {
    "name": "La Maddukelleng",
    "birth_year": 1700,
    "death_year": 1765,
    "description": "Bangsawan dari Kesultanan Paser; mengusir pasukan Belanda dari Kerajaan Wajo",
    "ascension_year": 1998
  },
  {
    "name": "Lafran Pane",
    "birth_year": 1922,
    "death_year": 1991,
    "description": "Pendiri Himpunan Mahasiswa Islam",
    "ascension_year": 2017
  },
  {
    "name": "Lambertus Nicodemus Palar",
    "birth_year": 1900,
    "death_year": 1981,
    "description": "Diplomat; menegosiasikan pengakuan Indonesia saat Revolusi",
    "ascension_year": 2013
  },
  {
    "name": "John Lie",
    "birth_year": 1911,
    "death_year": 1988,
    "description": "Laksamana Muda Angkatan Laut; menyeludupkan barang untuk membantu Revolusi Nasional",
    "ascension_year": 2009
  },
  {
    "name": "Machmud Singgirei Rumagesan",
    "birth_year": 1885,
    "death_year": 1964,
    "description": "",
    "ascension_year": 2020
  },
  {
    "name": "Mahmud Badaruddin II",
    "birth_year": 1767,
    "death_year": 1852,
    "description": "Sultan Palembang; yang melakukan perlawanan terhadap penjajah Inggris dan Belanda",
    "ascension_year": 1984
  },
  {
    "name": "Sultan Mahmud Riayat Syah",
    "birth_year": 1760,
    "death_year": 1812,
    "description": "Sultan Johor-Pahang-Riau-Lingga; yang melakukan perlawanan terhadap penjajah Belanda",
    "ascension_year": 2017
  },
  {
    "name": "Malahayati",
    "birth_year": 1550,
    "death_year": 1604,
    "description": "Pejuang dan bangsawan; melawan pasukan Cornelis de Houtman",
    "ascension_year": 2017
  },
  {
    "name": "Mangkunegara I",
    "birth_year": 1725,
    "death_year": 1795,
    "description": "Melakukan perlawanan terhadap penjajah Belanda dan antek-anteknya di Jawa Tengah",
    "ascension_year": 1988
  },
  {
    "name": "Andi Mappanyukki",
    "birth_year": 1885,
    "death_year": 1967,
    "description": "Bangsawan Bugis; memimpin penyerangan melawan pasukan Belanda pada 1920-an dan 30-an; ayah dari Andi Abdullah Bau Massepe",
    "ascension_year": 2004
  },
  {
    "name": "Maria Walanda Maramis",
    "birth_year": 1872,
    "death_year": 1924,
    "description": "Pendukung hak asasi perempuan dan pengajar",
    "ascension_year": 1969
  },
  {
    "name": "Martha Christina Tiahahu",
    "birth_year": 1800,
    "death_year": 1818,
    "description": "Gerilyawan dari Maluku yang wafat saat ditahan Belanda",
    "ascension_year": 1969
  },
  {
    "name": "Marthen Indey",
    "birth_year": 1912,
    "death_year": 1986,
    "description": "Nasionalis dan aktivis kemerdekaan; menawarkan intergrasi Papua di Indonesia",
    "ascension_year": 1993
  },
  {
    "name": "Mas Isman",
    "birth_year": 1924,
    "death_year": 1982,
    "description": "Pejuang kemerdekaan",
    "ascension_year": 2015
  },
  {
    "name": "Mas Mansur",
    "birth_year": 1896,
    "death_year": 1946,
    "description": "Sarjana Islam; pemimpin Muhammadiyah",
    "ascension_year": 1964
  },
  {
    "name": "Masykur",
    "birth_year": 1904,
    "death_year": 1994,
    "description": "",
    "ascension_year": 2019
  },
  {
    "name": "Mas Tirtodarmo Haryono",
    "birth_year": 1924,
    "death_year": 1965,
    "description": "Jenderal Angkatan Darat; terbunuh saat Gerakan 30 September",
    "ascension_year": 1965
  },
  {
    "name": "Maskun Sumadireja",
    "birth_year": 1907,
    "death_year": 1986,
    "description": "Aktivis kemerdekaan dan politisi",
    "ascension_year": 2004
  },
  {
    "name": "Cut Nyak Meutia",
    "birth_year": 1870,
    "death_year": 1910,
    "description": "Pemimpin gerilyawan Aceh yang melakukan perlawanan terhadap pasukan kolonial Belanda",
    "ascension_year": 1964
  },
  {
    "name": "Mohammad Hatta",
    "birth_year": 1902,
    "death_year": 1980,
    "description": "Aktivis kemerdekaan; Wakil Presiden Indonesia Pertama",
    "ascension_year": 2012
  },
  {
    "name": "Mohammad Husni Thamrin",
    "birth_year": 1894,
    "death_year": 1941,
    "description": "Politisi dan aktivis kemerdekaan",
    "ascension_year": 1960
  },
  {
    "name": "Mohammad Natsir",
    "birth_year": 1908,
    "death_year": 1993,
    "description": "Sarjana Islam dan politisi; Perdana Menteri Indonesia kelima",
    "ascension_year": 2008
  },
  {
    "name": "Teuku Muhammad Hasan",
    "birth_year": 1906,
    "death_year": 1997,
    "description": "Aktivis kemerdekaan; gubernur Sumatra pertama",
    "ascension_year": 2006
  },
  {
    "name": "Muhammad Mangundiprojo",
    "birth_year": 1905,
    "death_year": 1988,
    "description": "Pejuang kemerdekaan; pemimpin Pertempuran Surabaya",
    "ascension_year": 2014
  },
  {
    "name": "Muhammad Yamin",
    "birth_year": 1903,
    "death_year": 1962,
    "description": "Penyair yang menjadi politisi dan aktivis kemerdekaan",
    "ascension_year": 1973
  },
  {
    "name": "Moehammad Jasin",
    "birth_year": 1920,
    "death_year": 2012,
    "description": "Bapak Brimob Kepolisian RI",
    "ascension_year": 2015
  },
  {
    "name": "Muhammad Zainuddin Abdul Madjid",
    "birth_year": 1898,
    "death_year": 1997,
    "description": "Ulama pendiri Nahdlatul Wathan",
    "ascension_year": 2017
  },
  {
    "name": "Mustopo",
    "birth_year": 1913,
    "death_year": 1986,
    "description": "Pemimpin saat Pertempuran Surabaya; mendirikan Kampus Kedokteran Gigi Dr. Moestopo",
    "ascension_year": 2007
  },
  {
    "name": "Muwardi",
    "birth_year": 1907,
    "death_year": 1948,
    "description": "Menangani keamanan saat Proklamasi Kemerdekaan; membangun sebuah rumah saat di Surakarta",
    "ascension_year": 1964
  },
  {
    "name": "Nani Wartabone",
    "birth_year": 1907,
    "death_year": 1986,
    "description": "Aktivis kemerdekaan dan politisi; membantu memadamkan pemberontakan Permesta",
    "ascension_year": 2003
  },
  {
    "name": "I Gusti Ngurah Made Agung",
    "birth_year": 1876,
    "death_year": 1906,
    "description": "Raja Badung; melakukan perlawanan terhadap pasukan kolonial Belanda",
    "ascension_year": 2015
  },
  {
    "name": "I Gusti Ngurah Rai",
    "birth_year": 1917,
    "death_year": 1946,
    "description": "Pemimpin militer Bali saat Revolusi Nasional",
    "ascension_year": 1975
  },
  {
    "name": "Nuku Muhammad Amiruddin",
    "birth_year": 1738,
    "death_year": 1805,
    "description": "Sultan Tidore; memimpin beberapa pertempuran laut melawan pasukan kolonial Belanda",
    "ascension_year": 1995
  },
  {
    "name": "Noer Alie",
    "birth_year": 1914,
    "death_year": 1992,
    "description": "Pemimpin Islam dan pengajar; memimpin prajurit saat Revolusi Nasional",
    "ascension_year": 2006
  },
  {
    "name": "Teuku Nyak Arif",
    "birth_year": 1899,
    "death_year": 1946,
    "description": "Politisi Aceh dan pemimpin perlawanan; gubernur Aceh pertama",
    "ascension_year": 1974
  },
  {
    "name": "Opu Daeng Risaju",
    "birth_year": 1880,
    "death_year": 1964,
    "description": "Politisi wanita awal; melakukan perlawanan terhadap Belanda saat Revolusi Nasional",
    "ascension_year": 2006
  },
  {
    "name": "Oto Iskandar di Nata",
    "birth_year": 1897,
    "death_year": 1945,
    "description": "Politisi dan aktivis kemerdekaan",
    "ascension_year": 1973
  },
  {
    "name": "Pajonga Daeng Ngalie",
    "birth_year": 1901,
    "death_year": 1958,
    "description": "Mengkoordinasikan penyerangan di Sulawesi Selatan saat Revolusi Nasional; menawarkan integrasi nasional",
    "ascension_year": 2006
  },
  {
    "name": "Pakubuwono VI",
    "birth_year": 1807,
    "death_year": 1849,
    "description": "Susuhunan Surakarta; memberontak melawan pasukan kolonial Belanda",
    "ascension_year": 1964
  },
  {
    "name": "Pakubuwono X",
    "birth_year": 1866,
    "death_year": 1939,
    "description": "Susuhunan Surakarta; mendukung berbagai proyek untuk kepentingan Pribumi Indonesia",
    "ascension_year": 2011
  },
  {
    "name": "Pangeran Muhammad Noor",
    "birth_year": 1901,
    "death_year": 1979,
    "description": "Menteri Pekerjaan Umum yang mencanangkan proyek Waduk Riam Kanan; Waduk Karangkates; dan proyek pasang-surut di Sumatra dan Kalimantan sebagai lahan penyedia pangan",
    "ascension_year": 2018
  },
  {
    "name": "Pattimura",
    "birth_year": 1783,
    "death_year": 1817,
    "description": "Gerilyawan dari Maluku yang melakukan perlawanan terhadap pasukan kolonial Belanda",
    "ascension_year": 1973
  },
  {
    "name": "Pierre Tendean",
    "birth_year": 1939,
    "death_year": 1965,
    "description": "Prajurit Angkatan Darat; terbunuh saat Gerakan 30 September",
    "ascension_year": 1965
  },
  {
    "name": "Pong Tiku",
    "birth_year": 1846,
    "death_year": 1907,
    "description": "Bangsawan Toraja; melakukan perlawanan terhadap penjajah Belanda",
    "ascension_year": 2002
  },
  {
    "name": "Raden Mattaher",
    "birth_year": 1871,
    "death_year": 1907,
    "description": "Pejuang dari Jambi yang melakukan perlawanan terhadap pasukan kolonial Belanda",
    "ascension_year": 2020
  },
  {
    "name": "Raja Ali Haji",
    "birth_year": 1809,
    "death_year": 1870,
    "description": "Sejarawan dan penyair dari Riau",
    "ascension_year": 2004
  },
  {
    "name": "Raja Haji Fisabilillah",
    "birth_year": 1727,
    "death_year": 1784,
    "description": "Pejuang dari Riau yang melakukan perlawanan terhadap pasukan kolonial Belanda",
    "ascension_year": 1997
  },
  {
    "name": "Rajiman Wediodiningrat",
    "birth_year": 1879,
    "death_year": 1952,
    "description": "Ketua BPUPKI; Ketua Dewan Perwakilan Rakyat pertama",
    "ascension_year": 2013
  },
  {
    "name": "Ranggong Daeng Romo",
    "birth_year": 1915,
    "death_year": 1947,
    "description": "Memimpin pasukan dalam dua pertempuran melawan pasukan Belanda saat Revolusi Nasional",
    "ascension_year": 2001
  },
  {
    "name": "Rasuna Said",
    "birth_year": 1910,
    "death_year": 1965,
    "description": "Pendukung hak asasi wanita dan nasionalis",
    "ascension_year": 1974
  },
  {
    "name": "Robert Wolter Monginsidi",
    "birth_year": 1925,
    "death_year": 1949,
    "description": "Gerilyawan di Makassar saat Revolusi Nasional; dieksekusi oleh Belanda",
    "ascension_year": 1973
  },
  {
    "name": "Ruhana Kuddus",
    "birth_year": 1884,
    "death_year": 1972,
    "description": "Wartawati Indonesia pertama",
    "ascension_year": 2019
  },
  {
    "name": "Saharjo",
    "birth_year": 1909,
    "death_year": 1963,
    "description": "Menteri Kehakiman; pelopor pengesahan pembaruan di negara tersebut",
    "ascension_year": 1963
  },
  {
    "name": "Sam Ratulangi",
    "birth_year": 1890,
    "death_year": 1949,
    "description": "Politisi Minahasa dan pendukung kemerdekaan Indonesia",
    "ascension_year": 1961
  },
  {
    "name": "Samanhudi",
    "birth_year": 1878,
    "death_year": 1956,
    "description": "Pengusaha; mendirikan Sarekat Islam",
    "ascension_year": 1961
  },
  {
    "name": "Sarjito",
    "birth_year": 1889,
    "death_year": 1970,
    "description": "Dokter; Akademisi; Rektor pertama Universitas Gadjah Mada",
    "ascension_year": 2019
  },
  {
    "name": "Silas Papare",
    "birth_year": 1918,
    "death_year": 1978,
    "description": "Memperjuangkan kemerdekaan Papua dari Belanda; menawarkan integrasi Papua di Indonesia",
    "ascension_year": 1993
  },
  {
    "name": "Sisingamangaraja XII",
    "birth_year": 1849,
    "death_year": 1907,
    "description": "Pemimpin Batak yang melakukan kampanye gerilyawan melawan pasukan kolonial Belanda",
    "ascension_year": 1961
  },
  {
    "name": "Siswondo Parman",
    "birth_year": 1918,
    "death_year": 1965,
    "description": "Jenderal Angkatan Darat; terbunuh saat Gerakan 30 September",
    "ascension_year": 1965
  },
  {
    "name": "Siti Hartinah",
    "birth_year": 1923,
    "death_year": 1996,
    "description": "Istri presiden Suharto; aktif dalam karya sosial; mendirikan Taman Mini Indonesia Indah",
    "ascension_year": 1996
  },
  {
    "name": "Siti Walidah",
    "birth_year": 1872,
    "death_year": 1946,
    "description": "Pendiri Aisyiyah; tokoh Muhammadiyah; istri Ahmad Dahlan;",
    "ascension_year": 1971
  },
  {
    "name": "Slamet Rijadi",
    "birth_year": 1927,
    "death_year": 1950,
    "description": "Brigadir Jeneral Angkatan Darat; terbunuh ketika putting down pemberontakan di Sulawesi",
    "ascension_year": 2007
  },
  {
    "name": "Soedirman",
    "birth_year": 1916,
    "death_year": 1950,
    "description": "Komandan Ketua Tentara Nasional Indonesia pada saat Revolusi Nasional.",
    "ascension_year": 1964
  },
  {
    "name": "Albertus Soegijapranata",
    "birth_year": 1896,
    "death_year": 1963,
    "description": "Uskup Katolik Jawa dan nasionalis",
    "ascension_year": 1963
  },
  {
    "name": "Sugiyono Mangunwiyoto",
    "birth_year": 1926,
    "death_year": 1965,
    "description": "Kolonel Angkatan Darat; terbunuh saat Gerakan 30 September",
    "ascension_year": 1965
  },
  {
    "name": "Suharso",
    "birth_year": 1912,
    "death_year": 1971,
    "description": "Pelopor pengobatan prostesis",
    "ascension_year": 1973
  },
  {
    "name": "Soekanto Tjokrodiatmodjo",
    "birth_year": 1908,
    "death_year": 1993,
    "description": "Kepala Kepolisian Negara Republik Indonesia pertama",
    "ascension_year": 2020
  },
  {
    "name": "Sukarjo Wiryopranoto",
    "birth_year": 1903,
    "death_year": 1962,
    "description": "Tokoh kemerdekaan; diplomat; dan politisi",
    "ascension_year": 1962
  },
  {
    "name": "Sukarni",
    "birth_year": 1916,
    "death_year": 1971,
    "description": "Tokoh kemerdekaan; diplomat; dan politisi",
    "ascension_year": 2014
  },
  {
    "name": "Soekarno",
    "birth_year": 1901,
    "death_year": 1970,
    "description": "Aktivis kemerdekaan yang membacakan Proklamasi Kemerdekaan; Presiden Indonesia pertama",
    "ascension_year": 2012
  },
  {
    "name": "Sultan Agung",
    "birth_year": 1591,
    "death_year": 1645,
    "description": "Sultan Mataram; melakukan perlawanan terhadap VOC",
    "ascension_year": 1975
  },
  {
    "name": "Andi Sultan Daeng Radja",
    "birth_year": 1894,
    "death_year": 1963,
    "description": "Aktivis kemerdekaan dan politisi",
    "ascension_year": 2006
  },
  {
    "name": "Supeno",
    "birth_year": 1916,
    "death_year": 1949,
    "description": "Menteri pemerintahan; terbunuh ketika perlawanan terhadap Belanda saat Revolusi Nasional",
    "ascension_year": 1970
  },
  {
    "name": "Supomo",
    "birth_year": 1903,
    "death_year": 1958,
    "description": "Menteri Kehakiman Pertama; membantu penulisan Konstitusi",
    "ascension_year": 1965
  },
  {
    "name": "Suprapto",
    "birth_year": 1920,
    "death_year": 1965,
    "description": "Jenderal Angkatan Darat; terbunuh saat Gerakan 30 September",
    "ascension_year": 1965
  },
  {
    "name": "Supriyadi",
    "birth_year": 1925,
    "death_year": 1945,
    "description": "Pemimpin pemberontakan melawan pasukan pendudukan Jepang di Blitar",
    "ascension_year": 1975
  },
  {
    "name": "Suroso",
    "birth_year": 1893,
    "death_year": 1981,
    "description": "Politisi dan aktivis kemerdekaan; Wakil Ketua BPUPKI; Gubernur pertama Jawa Tengah; Bapak Koperasi Pegawai Negeri Republik Indonesia",
    "ascension_year": 1986
  },
  {
    "name": "Suryo",
    "birth_year": 1896,
    "death_year": 1948,
    "description": "Gubernur pertama Jawa Timur yang merupakan tokoh sentral Pertempuran Surabaya",
    "ascension_year": 1964
  },
  {
    "name": "Suryopranoto",
    "birth_year": 1871,
    "death_year": 1959,
    "description": "Pengajar dan tokoh hak-hak buruh; saudara Ki Hajar Dewantara",
    "ascension_year": 1959
  },
  {
    "name": "Sutan Mohammad Amin Nasution",
    "birth_year": 1904,
    "death_year": 1993,
    "description": "Gubernur Sumatra Utara dan Riau ke-1",
    "ascension_year": 2020
  },
  {
    "name": "Sutan Syahrir",
    "birth_year": 1909,
    "death_year": 1966,
    "description": "Politisi; Perdana Menteri Indonesia pertama",
    "ascension_year": 1966
  },
  {
    "name": "Soetomo",
    "birth_year": 1888,
    "death_year": 1938,
    "description": "dokter; pengajar Jawa; mendirikan Budi Utomo",
    "ascension_year": 1961
  },
  {
    "name": "Sutomo",
    "birth_year": 1920,
    "death_year": 1981,
    "description": "Pemimpin militer yang memimpin perlawanan dalam Pertempuran Surabaya",
    "ascension_year": 2008
  },
  {
    "name": "Sutoyo Siswomiharjo",
    "birth_year": 1922,
    "death_year": 1965,
    "description": "Jenderal Angkatan Darat; terbunuh saat Gerakan 30 September",
    "ascension_year": 1965
  },
  {
    "name": "Syafruddin Prawiranegara",
    "birth_year": 1911,
    "death_year": 1989,
    "description": "Gubernur Bank Indonesia pertama",
    "ascension_year": 2011
  },
  {
    "name": "Syam'un",
    "birth_year": 1894,
    "death_year": 1949,
    "description": "Pejuang yang pernah bergabung dalam PETA dan BKR; serta menentang pemerintahan Hindia Belanda di Banten. Pendiri Pesantren Al-Khairiyah Cilegon; Banten",
    "ascension_year": 2018
  },
  {
    "name": "Syarif Kasim II",
    "birth_year": 1893,
    "death_year": 1968,
    "description": "Sultan Siak; menawarkan integrasi kerajaan-kerajaan di Sumatra Timur",
    "ascension_year": 1998
  },
  {
    "name": "Tahi Bonar Simatupang",
    "birth_year": 1920,
    "death_year": 1990,
    "description": "Jenderal yang menjabat sebagai ketua staff dari 1950 sampai 1954",
    "ascension_year": 2013
  },
  {
    "name": "Tuanku Tambusai",
    "birth_year": 1784,
    "death_year": 1882,
    "description": "Pemimpin Islam dari Riau yang melakukan perlawanan terhadap pasukan kolonial Belanda saat Perang Padri",
    "ascension_year": 1995
  },
  {
    "name": "Tan Malaka",
    "birth_year": 1884,
    "death_year": 1949,
    "description": "Politisi dan intelektual asal Minang. Ia menyumbangkan gagasannya dalam beberapa karya; terutama Madilog (Materialistik; Dialog; dan Logika). Pendiri Partai Murba; tokoh Partai Komunis Indonesia",
    "ascension_year": 1963
  },
  {
    "name": "Thaha Syaifuddin",
    "birth_year": 1816,
    "death_year": 1904,
    "description": "Sultan Jambi; memimpin pasukan revolusi melawan pasukan kolonial Belanda",
    "ascension_year": 1977
  },
  {
    "name": "Tirtayasa",
    "birth_year": 1631,
    "death_year": 1683,
    "description": "Sultan Banten yang melakukan perlawanan terhadap Belanda",
    "ascension_year": 1970
  },
  {
    "name": "Tirto Adhi Suryo",
    "birth_year": 1880,
    "death_year": 1918,
    "description": "Jurnalis; diasingkan karena editorial anti-Belanda buatannya",
    "ascension_year": 2006
  },
  {
    "name": "Teuku Umar",
    "birth_year": 1854,
    "death_year": 1899,
    "description": "Pemimpin gerilyawan Aceh yang melakukan perlawanan terhadap pasukan kolonial Belanda; suami Cut Nyak Dhien",
    "ascension_year": 1973
  },
  {
    "name": "Untung Surapati",
    "birth_year": 1660,
    "death_year": 1706,
    "description": "Memimpin beberapa pemberontakan melawan VOC",
    "ascension_year": 1975
  },
  {
    "name": "Urip Sumoharjo",
    "birth_year": 1893,
    "death_year": 1948,
    "description": "Pemimpin Angkatan Darat Indonesia; komandan kedua setelah Sudirman",
    "ascension_year": 1964
  },
  {
    "name": "Wage Rudolf Supratman",
    "birth_year": 1903,
    "death_year": 1938,
    "description": "Komposer lagu kebangsaan Indonesia Raya",
    "ascension_year": 1971
  },
  {
    "name": "Wahid Hasyim",
    "birth_year": 1914,
    "death_year": 1953,
    "description": "Pemimpin Nahdlatul Ulama; Menteri Agama Indonesia pertama",
    "ascension_year": 1964
  },
  {
    "name": "Wahidin Sudirohusodo",
    "birth_year": 1852,
    "death_year": 1917,
    "description": "Dokter dan pemimpin di Budi Utomo",
    "ascension_year": 1973
  },
  {
    "name": "Wilhelmus Zakaria Johannes",
    "birth_year": 1895,
    "death_year": 1952,
    "description": "Pelopor pengobatan radiologi",
    "ascension_year": 1968
  },
  {
    "name": "Yos Sudarso",
    "birth_year": 1925,
    "death_year": 1962,
    "description": "Komodor Angkatan Laut; terbunuh saat konfrontasi dengan Belanda di Nugini Belanda",
    "ascension_year": 1973
  },
  {
    "name": "Yusuf Tajul Khalwati",
    "birth_year": 1626,
    "death_year": 1699,
    "description": "Pemimpin Islam; memimpin pemberontakan gerilyawan melawan VOC",
    "ascension_year": 1995
  },
  {
    "name": "Zainal Mustafa",
    "birth_year": 1907,
    "death_year": 1944,
    "description": "Pemimpin Islam yang melakukan perlawanan terhadap pasukan pendudukan Jepang",
    "ascension_year": 1972
  },
  {
    "name": "Zainul Arifin",
    "birth_year": 1909,
    "death_year": 1963,
    "description": "Politisi dan gerilyawan; terbunuh saat peristiwa percobaan pembunuhan yang ditargetkan kepada Sukarno",
    "ascension_year": 1963
  }
]